<keymap version="1" name="Mac OS X 10.5+ copy" parent="Mac OS X 10.5+">
  <action id="EditorBackSpace">
    <keyboard-shortcut first-keystroke="back_space" />
  </action>
  <action id="EditorDeleteLine">
    <keyboard-shortcut first-keystroke="shift back_space" />
  </action>
  <action id="EditorLineEnd">
    <keyboard-shortcut first-keystroke="ctrl e" />
  </action>
  <action id="EditorLineStart">
    <keyboard-shortcut first-keystroke="ctrl a" />
  </action>
  <action id="EditorScrollDown">
    <keyboard-shortcut first-keystroke="ctrl j" />
  </action>
  <action id="EditorScrollUp">
    <keyboard-shortcut first-keystroke="ctrl l" />
  </action>
  <action id="EditorStartNewLineBefore">
    <keyboard-shortcut first-keystroke="shift ctrl enter" />
  </action>
  <action id="FileChooser.TogglePathShowing" />
  <action id="NextSplitter">
    <keyboard-shortcut first-keystroke="ctrl x" second-keystroke="o" />
  </action>
  <action id="NextTab">
    <keyboard-shortcut first-keystroke="meta right" />
    <keyboard-shortcut first-keystroke="alt tab" />
  </action>
  <action id="ParameterInfo" />
  <action id="PreviousTab">
    <keyboard-shortcut first-keystroke="meta left" />
  </action>
  <action id="QuickJavaDoc">
    <keyboard-shortcut first-keystroke="f1" />
    <mouse-shortcut keystroke="control button2" />
    <keyboard-shortcut first-keystroke="meta p" />
  </action>
  <action id="SplitHorizontally">
    <keyboard-shortcut first-keystroke="ctrl x" second-keystroke="2" />
  </action>
  <action id="SplitVertically">
    <keyboard-shortcut first-keystroke="ctrl x" second-keystroke="3" />
  </action>
  <action id="Unsplit">
    <keyboard-shortcut first-keystroke="ctrl x" second-keystroke="1" />
  </action>
  <action id="UsageView.Include" />
  <action id="VimPluginToggle">
    <keyboard-shortcut first-keystroke="ctrl quote" />
  </action>
  <action id="XPathView.Actions.FindByExpression">
    <keyboard-shortcut first-keystroke="meta alt x" second-keystroke="f" />
    <keyboard-shortcut first-keystroke="ctrl x" second-keystroke="f" />
  </action>
</keymap>