<application>
  <component name="libraryTable">
    <library name="java">
      <CLASSES />
      <JAVADOC />
      <SOURCES>
        <root url="file://$USER_HOME$/IdeaProjects/hbase-1.2.6/hbase-annotations/src/main/java" />
        <root url="file://$USER_HOME$/IdeaProjects/hbase-1.2.6/hbase-annotations/src/test/java" />
        <root url="file://$USER_HOME$/IdeaProjects/hbase-1.2.6/hbase-client/src/main/java" />
        <root url="file://$USER_HOME$/IdeaProjects/hbase-1.2.6/hbase-client/src/test/java" />
        <root url="file://$USER_HOME$/IdeaProjects/hbase-1.2.6/hbase-common/src/main/java" />
        <root url="file://$USER_HOME$/IdeaProjects/hbase-1.2.6/hbase-common/src/test/java" />
        <root url="file://$USER_HOME$/IdeaProjects/hbase-1.2.6/hbase-examples/src/main/java" />
        <root url="file://$USER_HOME$/IdeaProjects/hbase-1.2.6/hbase-examples/src/test/java" />
        <root url="file://$USER_HOME$/IdeaProjects/hbase-1.2.6/hbase-external-blockcache/src/main/java" />
        <root url="file://$USER_HOME$/IdeaProjects/hbase-1.2.6/hbase-hadoop-compat/src/main/java" />
        <root url="file://$USER_HOME$/IdeaProjects/hbase-1.2.6/hbase-hadoop-compat/src/test/java" />
        <root url="file://$USER_HOME$/IdeaProjects/hbase-1.2.6/hbase-hadoop2-compat/src/main/java" />
        <root url="file://$USER_HOME$/IdeaProjects/hbase-1.2.6/hbase-hadoop2-compat/src/test/java" />
        <root url="file://$USER_HOME$/IdeaProjects/hbase-1.2.6/hbase-it/src/test/java" />
        <root url="file://$USER_HOME$/IdeaProjects/hbase-1.2.6/hbase-prefix-tree/src/main/java" />
        <root url="file://$USER_HOME$/IdeaProjects/hbase-1.2.6/hbase-prefix-tree/src/test/java" />
        <root url="file://$USER_HOME$/IdeaProjects/hbase-1.2.6/hbase-procedure/src/main/java" />
        <root url="file://$USER_HOME$/IdeaProjects/hbase-1.2.6/hbase-procedure/src/test/java" />
        <root url="file://$USER_HOME$/IdeaProjects/hbase-1.2.6/hbase-protocol/src/main/java" />
        <root url="file://$USER_HOME$/IdeaProjects/hbase-1.2.6/hbase-rest/src/main/java" />
        <root url="file://$USER_HOME$/IdeaProjects/hbase-1.2.6/hbase-rest/src/test/java" />
        <root url="file://$USER_HOME$/IdeaProjects/hbase-1.2.6/hbase-server/src/main/java" />
        <root url="file://$USER_HOME$/IdeaProjects/hbase-1.2.6/hbase-server/src/test/java" />
        <root url="file://$USER_HOME$/IdeaProjects/hbase-1.2.6/hbase-shell/src/test/java" />
        <root url="file://$USER_HOME$/IdeaProjects/hbase-1.2.6/hbase-thrift/src/main/java" />
        <root url="file://$USER_HOME$/IdeaProjects/hbase-1.2.6/hbase-thrift/src/test/java" />
      </SOURCES>
    </library>
  </component>
</application>