<application>
  <component name="DefaultFont">
    <option name="FONT_SIZE" value="22" />
    <option name="FONT_FAMILY" value="Meslo LG S for Powerline" />
  </component>
  <component name="EditorSettings">
    <option name="SOFT_WRAP_FILE_MASKS" value="*.md; *.txt; *.rst; *.adoc" />
    <option name="SHOW_QUICK_DOC_ON_MOUSE_OVER_ELEMENT" value="true" />
    <option name="QUICK_DOC_ON_MOUSE_OVER_DELAY_MS" value="1000" />
    <option name="IS_WHEEL_FONTCHANGE_ENABLED" value="true" />
  </component>
  <component name="SqlEditorOptions">
    <option name="concatenateStringsOnEnter" value="true" />
    <option name="qualificationType" value="On collisions" />
  </component>
</application>