<application>
  <component name="UISettings">
    <option name="HIDE_KNOWN_EXTENSION_IN_TABS" value="true" />
    <option name="MARK_MODIFIED_TABS_WITH_ASTERISK" value="true" />
    <option name="OVERRIDE_NONIDEA_LAF_FONTS" value="true" />
    <option name="PRESENTATION_MODE_FONT_SIZE" value="36" />
    <option name="SCROLL_TAB_LAYOUT_IN_EDITOR" value="false" />
    <option name="SHOW_CLOSE_BUTTON" value="false" />
    <option name="showTreeIndentGuides" value="true" />
  </component>
</application>